{
  "categories": [
    {
      "id": "fill_field",
      "title": "填场科普",
      "image": "",
      "description": "了解电影填场的相关知识",
      "content": "<h3>什么是填场？</h3><p>填场是指电影上映初期，为了营造良好的观影氛围和口碑，制片方或发行方组织人员前往电影院观看电影的行为。这有助于提高电影初期的上座率，吸引更多观众。</p><p>填场通常发生在电影上映的前几天，目的是通过真实的观众反馈来调整宣传策略，同时为口碑传播打下基础。</p>",
      "order": 1
    },
    {
      "id": "ground_promotion",
      "title": "地推科普",
      "image": "",
      "description": "地面推广活动介绍",
      "content": "<h3>地推是什么？</h3><p>地面推广是指在线下进行的电影宣传活动，通过与观众面对面的互动来提升电影知名度。</p><p>包括路演、校园宣传、商圈活动、影院巡演等多种形式。地推活动通常结合电影主题设计互动环节，让观众更深入地了解电影。</p>",
      "order": 2
    },
    {
      "id": "ticket_types",
      "title": "票种科普",
      "image": "",
      "description": "各类电影票的介绍",
      "content": "<h3>常见票种</h3><p>1. 普通票：标准观影票</p><p>2. IMAX票：超大屏幕体验</p><p>3. 杜比全景声票：沉浸式音效</p>",
      "order": 3
    },
    {
      "id": "release_patterns",
      "title": "发行模式",
      "image": "",
      "description": "电影发行方式介绍",
      "content": "<h3>发行模式</h3><p>1. 全国同步上映</p><p>2. 点映/超前点映</p><p>3. 分线发行</p>",
      "order": 4
    }
  ]
}