{
  "questions": [
    {
      "id": "q1",
      "question": "以下关于电影填场的核心目的描述，正确的是？",
      "options": [
        "单纯冲高电影票房总额",
        "不挤压路人选择的前提下保住现有排片",
        "让影院增加电影的黄金场次占比",
        "减少其他影片的排片数量"
      ],
      "correctAnswer": 1,
      "explanation": "填场是粉丝填补观影人数较少的电影场次拉高上座率，核心目的是在不挤压路人选择的前提下，保证上座率下限，保住现有排片，而非单纯冲高票房、增加黄金场或减少其他影片排片。",
      "category": "movie_fill_seat",
      "difficulty": "easy",
      "points": 10
    },
    {
      "id": "q2",
      "question": "相比包场，填场被认为是更优的支持方式，原因是？",
      "options": [
        "花费资金更多，支持力度更大",
        "能让电影直接获得更高票房",
        "低成本实现高上座率，效用更可持续",
        "能直接让影院增加排片数量"
      ],
      "correctAnswer": 2,
      "explanation": "填场的优势在于用最低的成本实现最高的上座率，将资金和精力效用最大化，是比包场更高效、更可持续的支持方式，并非花费更多、直接冲高票房或直接增排片。",
      "category": "movie_fill_seat",
      "difficulty": "easy",
      "points": 10
    },
    {
      "id": "q3",
      "question": "电影预售期间，填场的核心操作要求是？",
      "options": [
        "只购买黄金场次的电影票",
        "让每个有预售的排片都有票卖出",
        "集中购买热门商圈影院的票",
        "保证预售场次上座率达到25%以上"
      ],
      "correctAnswer": 1,
      "explanation": "预售期间填场的关键是让每个有预售的排片都要有票卖出去，以此保证电影上映时排片不被取消，其余选项并非预售期的核心要求。",
      "category": "movie_fill_seat",
      "difficulty": "easy",
      "points": 10
    },
    {
      "id": "q4",
      "question": "电影上映期间，填场的关注重点是？",
      "options": [
        "各地社区小型影院的排片",
        "各地商圈热门影院的排片",
        "所有影院的非黄金场次",
        "偏远地区影院的IMAX场"
      ],
      "correctAnswer": 1,
      "explanation": "上映期间填场需专注各地商圈热门影院的排片，若其上座率不高，及时购买非黄金座位保证排片，社区、偏远地区影院并非重点。",
      "category": "movie_fill_seat",
      "difficulty": "easy",
      "points": 10
    },
    {
      "id": "q5",
      "question": "填场选择影院时，以下哪种是优先级最高的？",
      "options": [
        "人流量小的社区影院小场",
        "地理位置偏僻的影院黄金场",
        "热门商圈影院的IMAX场",
        "郊区影院的午夜场"
      ],
      "correctAnswer": 2,
      "explanation": "填场选择影院需优先黄金场、大场、IMAX场，且选择人流量大、地理位置好的热门商圈影院，因此热门商圈影院的IMAX场优先级最高。",
      "category": "movie_fill_seat",
      "difficulty": "medium",
      "points": 10
    },
    {
      "id": "q6",
      "question": "填场中，工作日黄金场次的时间范围是？",
      "options": [
        "12:00-18:00",
        "18:00-21:00",
        "14:00-21:00",
        "20:00-23:00"
      ],
      "correctAnswer": 1,
      "explanation": "填场里工作日的黄金场次时间为18:00-21:00，节假日黄金场次为14:00-21:00，其余选项时间范围错误。",
      "category": "movie_fill_seat",
      "difficulty": "easy",
      "points": 10
    },
    {
      "id": "q7",
      "question": "填场要求中，节假日黄金场次的上座率需达到多少？",
      "options": [
        "5%左右",
        "10%-15%",
        "20%-25%",
        "30%以上"
      ],
      "correctAnswer": 2,
      "explanation": "填场里黄金场次（含工作日、节假日）的上座率需达到20%-25%，非黄金场次上座率达到5%左右即可。",
      "category": "movie_fill_seat",
      "difficulty": "easy",
      "points": 10
    },
    {
      "id": "q8",
      "question": "填场时，非黄金场次的上座率目标约为多少？",
      "options": [
        "5%左右",
        "15%左右",
        "20%左右",
        "25%左右"
      ],
      "correctAnswer": 0,
      "explanation": "填场中非黄金场次如上早场、午夜场等，上座率达到5%左右即可，小场大概买2-4张，大场可适量多买。",
      "category": "movie_fill_seat",
      "difficulty": "easy",
      "points": 10
    },
    {
      "id": "q9",
      "question": "填场的购票渠道必须选择什么？",
      "options": [
        "影院线下私人代购",
        "猫眼、淘票票等官方售票APP",
        "二手票务交易平台",
        "粉丝群内的集体购票链接"
      ],
      "correctAnswer": 1,
      "explanation": "填场购票必须通过猫眼、淘票票等官方售票APP，确保购票数据能正常计入票房，私人代购、二手平台、粉丝群链接均无法保证数据计入。",
      "category": "movie_fill_seat",
      "difficulty": "easy",
      "points": 10
    },
    {
      "id": "q10",
      "question": "以下哪种填场选座行为是被禁止的？",
      "options": [
        "像路人一样随机选择中间位置",
        "和朋友分开选择不同区域的座位",
        "一上来就选择角落或视野极差的位置",
        "选择黄金场次的后排中间座位"
      ],
      "correctAnswer": 2,
      "explanation": "填场选座禁忌为不要一上来就选择角落或视野极差的位置，这会给影院传递'该场次只有非目标观众'的错误信号，其余选项均为合理选座行为。",
      "category": "movie_fill_seat",
      "difficulty": "medium",
      "points": 10
    },
    {
      "id": "q11",
      "question": "填场中，线上购票后必须完成的操作是？",
      "options": [
        "将电影票截图发至粉丝群",
        "前往影院取出纸质实体电影票并验票",
        "联系影院确认购票信息",
        "在社交平台发布购票记录"
      ],
      "correctAnswer": 1,
      "explanation": "填场里线上购票后，必须前往影院取出纸质实体电影票，且完成验票步骤，其余操作并非强制要求。",
      "category": "movie_fill_seat",
      "difficulty": "medium",
      "points": 10
    },
    {
      "id": "q12",
      "question": "填场的验票环节，需使用什么工具扫描票面二维码？",
      "options": [
        "猫眼APP",
        "淘票票APP",
        "微信小程序'电影票验证'",
        "影院官方小程序"
      ],
      "correctAnswer": 2,
      "explanation": "填场验票的正确方法是使用微信小程序（'电影票验证'）扫描票面上的二维码进行验证，以此确保票房数据真实上报。",
      "category": "movie_fill_seat",
      "difficulty": "easy",
      "points": 10
    },
    {
      "id": "q13",
      "question": "填场验票时，若票面信息与小程序显示信息有细微差别的是哪项，属正常现象？",
      "options": [
        "影片名",
        "场次时间",
        "服务费",
        "座位号"
      ],
      "correctAnswer": 2,
      "explanation": "验票时需核对影片名、场次时间、影院、座位号与实体票面完全一致，服务费可能因平台有细微差别，该情况属于正常现象。",
      "category": "movie_fill_seat",
      "difficulty": "medium",
      "points": 10
    },
    {
      "id": "q14",
      "question": "填场中验票的核心目的不包括以下哪项？",
      "options": [
        "确保票房数据真实上报",
        "防范'偷票房'情况",
        "向影院证明粉丝的支持力度",
        "验证购票信息的准确性"
      ],
      "correctAnswer": 2,
      "explanation": "填场验票的核心目的是确保票房数据真实上报、防范'偷票房'情况，同时验证购票信息准确性，并非为了向影院证明粉丝支持力度。",
      "category": "movie_fill_seat",
      "difficulty": "medium",
      "points": 10
    },
    {
      "id": "q15",
      "question": "在猫眼专业版中查找所在城市热门影院，需按什么维度排名筛选？",
      "options": [
        "影院面积/座位数",
        "票房/人次",
        "开业时间/装修档次",
        "放映设备/影厅数量"
      ],
      "correctAnswer": 1,
      "explanation": "在猫眼专业版找各城市热门影院时，选择月票房参考后，需按票房或者人次排名，再综合评估选定目标影院。",
      "category": "movie_fill_seat",
      "difficulty": "medium",
      "points": 10
    },
    {
      "id": "q16",
      "question": "填场中所说的'票房排片比倒挂'指的是？",
      "options": [
        "当日票房比＞排片比",
        "当日票房比＝排片比",
        "当日票房比＜排片比",
        "票房与排片数据无关联"
      ],
      "correctAnswer": 2,
      "explanation": "票房排片比倒挂是指当日票房比＜排片比，这意味着电影拿了足够的排片但没有足够的票房，次日影院大概率会缩减排片。",
      "category": "movie_fill_seat",
      "difficulty": "medium",
      "points": 10
    },
    {
      "id": "q17",
      "question": "填场分析影院排片效益时，排场效益B值小于1意味着什么？",
      "options": [
        "影院排该片盈利，会增加排片",
        "影院排该片保本，排片保持不变",
        "影院排该片赔钱，后续会减少排片",
        "影院排该片的效益无法评估"
      ],
      "correctAnswer": 2,
      "explanation": "排场效益的B值＜1，可简单理解为电影院排这个片是在赔钱，基于效益考虑，影院后续会减少该电影的排片。",
      "category": "movie_fill_seat",
      "difficulty": "hard",
      "points": 10
    },
    {
      "id": "q18",
      "question": "对于填场的新手小白，最推荐的填场模式是？",
      "options": [
        "单独购买偏远影院的非黄金场",
        "紧跟官方统一填场指南和任务集体行动",
        "拉动亲友购买黄金场次票",
        "随意购买各影院的票保证上座率"
      ],
      "correctAnswer": 1,
      "explanation": "填场新手小白缺乏相关经验，建议紧跟官方发布的统一填场指南和任务，采取集体行动的方式，不建议单独操作或随意购票。",
      "category": "movie_fill_seat",
      "difficulty": "easy",
      "points": 10
    },
    {
      "id": "q19",
      "question": "预算高、有经验的散粉填场时，若无法到影院观影，以下哪种操作仍有效？",
      "options": [
        "仅线上购票，不取票不验票",
        "线上购票后，取出纸质票并完成验票",
        "将购票链接分享至粉丝群",
        "联系影院取消购票并改买其他场次"
      ],
      "correctAnswer": 1,
      "explanation": "预算高、有经验的散粉若无法观影，只要完成买票、取票、验票的步骤，同样能为填场助力，仅购票不取票验票无法保证数据计入票房。",
      "category": "movie_fill_seat",
      "difficulty": "medium",
      "points": 10
    },
    {
      "id": "q20",
      "question": "以下关于填场的表述，错误的是？",
      "options": [
        "填场需优先关注热门商圈影院的黄金场次",
        "填场选座要避免直接选视野极差的位置",
        "填场的购票数据需确保计入票房",
        "填场的核心是盲目冲高所有场次的上座率"
      ],
      "correctAnswer": 3,
      "explanation": "填场的目的是保排片并撬动更多路人票房，并非盲目冲高所有场次的上座率，其余三项均为填场的正确表述。",
      "category": "movie_fill_seat",
      "difficulty": "hard",
      "points": 10
    },
    {
      "id": "q21",
      "question": "填场时，非黄金场次小场的购票数量参考是多少？",
      "options": [
        "1-2张",
        "2-4张",
        "5-8张",
        "10张以上"
      ],
      "correctAnswer": 1,
      "explanation": "填场中非黄金场次上座率达到5%左右即可，其中小场大概购买2-4张票，大场可根据情况适量多买。",
      "category": "movie_fill_seat",
      "difficulty": "easy",
      "points": 10
    },
    {
      "id": "q22",
      "question": "想要关注电影开启预售后的排片情况，线下可通过哪种方式？",
      "options": [
        "查看社交平台粉丝分享",
        "咨询影院线下渠道",
        "浏览电影官方微博",
        "查看二手票务平台"
      ],
      "correctAnswer": 1,
      "explanation": "电影开启预售第一时间，可通过线上电影票务平台、线下影院渠道咨询两种方式关注所在城市各大影院的排片情况。",
      "category": "movie_fill_seat",
      "difficulty": "easy",
      "points": 10
    },
    {
      "id": "q23",
      "question": "填场选择场次时，以下哪类是填场的主要目标之一？",
      "options": [
        "工作日早场",
        "节假日黄金场",
        "周末下午场",
        "晚间黄金场"
      ],
      "correctAnswer": 0,
      "explanation": "填场的主要目标不仅包括黄金场次，早场、午夜场等非黄金场次也是核心目标，用以提升电影的整体上座率。",
      "category": "movie_fill_seat",
      "difficulty": "medium",
      "points": 10
    },
    {
      "id": "q24",
      "question": "以下哪种情况，影院大概率会对电影进行缩减排片？",
      "options": [
        "上座率持续走高，票房排片比正挂",
        "上座率低迷，票房排片比倒挂",
        "排场效益B值大于1，上座率稳定",
        "黄金场次上座率达30%，非黄金场达10%"
      ],
      "correctAnswer": 1,
      "explanation": "影院出于效益目的，若电影上座率低迷、票房排片比倒挂，且排场效益B值小于1（排片赔钱），大概率会缩减排片。",
      "category": "movie_fill_seat",
      "difficulty": "hard",
      "points": 10
    },
    {
      "id": "q25",
      "question": "预算高、有经验的散粉填场，可在哪个时段拉动亲友购票提升上座率？",
      "options": [
        "凌晨午夜场",
        "工作日早场",
        "黄金时段",
        "周末午间场"
      ],
      "correctAnswer": 2,
      "explanation": "预算高、有能力有经验的散粉，可在黄金时段拉动亲朋好友一同购票，直接助力提升热门场次的上座率，这是填场的重点发力时段。",
      "category": "movie_fill_seat",
      "difficulty": "medium",
      "points": 10
    },
    {
      "id": "q26",
      "question": "以下关于电影验票的定义，描述正确的是？",
      "options": [
        "通过粉丝自制工具核验电影电子票信息，确保票款到账的流程",
        "通过官方工具对电影实体票的真实性、票面信息准确性核验，确保票款如实计入影片票房的操作流程",
        "通过影院工作人员核对电影票，确认观影资格的流程",
        "通过社交平台分享电影票，证明购票行为的操作流程"
      ],
      "correctAnswer": 1,
      "explanation": "验票的官方定义为通过官方工具对电影实体票的真实性、票面信息的准确性进行核验，确保票款如实计入影片票房的操作流程，其余选项均偏离核心定义。",
      "category": "song_yaxuan_movie_verify",
      "difficulty": "easy",
      "points": 10
    },
    {
      "id": "q27",
      "question": "电影市场中存在的“偷票房”“漏票房”等不良现象，不会造成以下哪种影响？",
      "options": [
        "损害电影片方的合法利益",
        "影响粉丝价值发挥的真实展现",
        "提升影片的整体票房表现",
        "导致电影真实票房数据无法准确统计"
      ],
      "correctAnswer": 2,
      "explanation": "“偷票房”“漏票房”等行为会让电影真实票房数据失真，损害片方利益，也无法真实体现粉丝的支持价值，不会提升影片票房表现。",
      "category": "song_yaxuan_movie_verify",
      "difficulty": "easy",
      "points": 10
    },
    {
      "id": "q28",
      "question": "电影验票的核心目的是？",
      "options": [
        "证明粉丝的购票数量和支持力度",
        "确保电影票真实有效，票房数据准确计入影片票房，避免“偷票房”行为",
        "方便影院统计观影人数，调整排片",
        "获取电影相关的周边福利"
      ],
      "correctAnswer": 1,
      "explanation": "验票的核心目的是确保电影票真实有效，让票房数据能准确计入影片票房，从根源上规避“偷票房”等不良行为，其余选项均非核心目的。",
      "category": "song_yaxuan_movie_verify",
      "difficulty": "easy",
      "points": 10
    },
    {
      "id": "q29",
      "question": "电影验票的核心原则中，关于票据类型的要求是？",
      "options": [
        "认可手写票和机打票，拒绝涂改票",
        "只认影院打印的官方纸质机打票，拒绝手写票、涂改票",
        "可接受影院出具的手写票，只需信息清晰",
        "涂改后标注更正的票据，信息准确即可认可"
      ],
      "correctAnswer": 1,
      "explanation": "验票核心原则中明确要求只认机打票，坚决拒绝任何形式的手写票、涂改票，确保票据的官方性和真实性。",
      "category": "song_yaxuan_movie_verify",
      "difficulty": "easy",
      "points": 10
    },
    {
      "id": "q30",
      "question": "验票核心原则中的“取票即验票”，核心要求是？",
      "options": [
        "线上购票后，可随时取票验票，无时间要求",
        "线上购票后立即取出实体票，并第一时间完成验票",
        "线下购票后无需立即验票，观影后验票即可",
        "取出实体票后，可等待粉丝群通知再统一验票"
      ],
      "correctAnswer": 1,
      "explanation": "“取票即验票”要求线上购票后必须立即取实体票，且第一时间验票，未取票不计入票房，未验票无法保证票房有效。",
      "category": "song_yaxuan_movie_verify",
      "difficulty": "easy",
      "points": 10
    },
    {
      "id": "q31",
      "question": "验票的“五重信息核验”中，包含以下哪两项重要信息？",
      "options": [
        "影片名称、影片票价（总价）",
        "影院地址、购票人姓名",
        "购票平台、影片评分",
        "观影人数、影院联系电话"
      ],
      "correctAnswer": 0,
      "explanation": "五重信息核验包含影片名称、影片票价（总价）、影厅、座位号、放映时间，其中影片名称和影片票价（总价）是重点标注的重要信息。",
      "category": "song_yaxuan_movie_verify",
      "difficulty": "easy",
      "points": 10
    },
    {
      "id": "q32",
      "question": "进行电影验票的官方工具是？",
      "options": [
        "猫眼APP内的验票功能",
        "淘票票APP的订单验证页面",
        "国家电影专项资金办公室官方认证的微信小程序“电影票验证”",
        "影院官方小程序的票据核验入口"
      ],
      "correctAnswer": 2,
      "explanation": "标准验票流程中明确，需打开微信搜索国家电影专项资金办公室官方认证的小程序“电影票验证”，或扫描官方二维码进入。",
      "category": "song_yaxuan_movie_verify",
      "difficulty": "easy",
      "points": 10
    },
    {
      "id": "q33",
      "question": "电影验票的标准流程第二步是？",
      "options": [
        "打开微信搜索并进入“电影票验证”小程序",
        "使用小程序内的“扫码”功能扫描纸质票根上的二维码",
        "对比验票结果与实体票完成五重信息核验",
        "将验票结果截图发至粉丝群备案"
      ],
      "correctAnswer": 1,
      "explanation": "标准验票流程分为三步，第一步是进入官方验票小程序，第二步是用小程序扫码功能扫描纸质票根二维码，第三步是核对信息。",
      "category": "song_yaxuan_movie_verify",
      "difficulty": "easy",
      "points": 10
    },
    {
      "id": "q34",
      "question": "以下哪种情况，可判定为电影验票成功？",
      "options": [
        "扫码后小程序能正常打开，无需核对信息",
        "验票结果中的所有五重核心信息与实体票面完全一致",
        "仅影片名称和放映时间与票面一致，其他信息可忽略",
        "扫码成功即可，无需关注信息是否匹配"
      ],
      "correctAnswer": 1,
      "explanation": "验票成功的唯一标志是小程序跳转的验票结果中，所有五重核心信息与手中实体票的信息完全一致，此时票款已成功计入电影票房。",
      "category": "song_yaxuan_movie_verify",
      "difficulty": "easy",
      "points": 10
    },
    {
      "id": "q35",
      "question": "验票时出现扫码失败/无结果的情况，不可能的原因是？",
      "options": [
        "票面印刷不清晰、二维码有遮挡",
        "影院未及时上传数据导致系统数据延迟",
        "验票小程序版本过低",
        "实体票为官方机打票且二维码完整清晰"
      ],
      "correctAnswer": 3,
      "explanation": "扫码失败/无结果的原因主要是票面印刷问题、二维码遮挡或影院数据上传延迟，官方机打票且二维码完整清晰不会导致该问题，验票指南中未提及小程序版本问题。",
      "category": "song_yaxuan_movie_verify",
      "difficulty": "medium",
      "points": 10
    },
    {
      "id": "q36",
      "question": "验票时遇到扫码失败/无结果的情况，以下解决方案不合理的是？",
      "options": [
        "立即联系影院，要求重新打印清晰票根",
        "直接投诉影院存在偷票房行为",
        "等待几小时或次日再次尝试扫描",
        "检查二维码是否有遮挡并清理后重新扫码"
      ],
      "correctAnswer": 1,
      "explanation": "扫码失败/无结果可能是票面或数据延迟问题，应先尝试重新打印票根、等待后再扫码等方式，不可直接判定影院偷票房并投诉。",
      "category": "song_yaxuan_movie_verify",
      "difficulty": "medium",
      "points": 10
    },
    {
      "id": "q37",
      "question": "验票时出现服务费不一致的情况，其原因是？",
      "options": [
        "影院随意收取额外服务费",
        "部分购票平台会收取约2-3元的平台服务费",
        "验票小程序数据统计错误",
        "实体票的服务费标注出现遗漏"
      ],
      "correctAnswer": 1,
      "explanation": "验票时服务费不一致属于正常现象，核心原因是部分购票平台会收取约2-3元的平台服务费，并非影院、小程序或票面标注的问题。",
      "category": "song_yaxuan_movie_verify",
      "difficulty": "easy",
      "points": 10
    },
    {
      "id": "q38",
      "question": "验票时服务费不一致，判断是否影响票房的核心标准是？",
      "options": [
        "服务费金额是否在2-3元范围内",
        "总票价（影片票价+服务费）是否与票面一致",
        "服务费是否为0元",
        "验票结果中的服务费是否高于票面标注"
      ],
      "correctAnswer": 1,
      "explanation": "服务费不一致属正常现象，只要总票价（影片票价+服务费）与票面一致，就不会对总票房的统计造成影响。",
      "category": "song_yaxuan_movie_verify",
      "difficulty": "easy",
      "points": 10
    },
    {
      "id": "q39",
      "question": "验票时遇到服务费过高的情况，以下哪种判断和处理方式是正确的？",
      "options": [
        "所有服务费过高的情况都需立即投诉",
        "VIP厅、高端厅服务费定价较高，在票面总价10%上下浮动属正常，超20%可酌情投诉",
        "服务费只要超过3元，就属于异常过高需投诉",
        "服务费过高是平台行为，无需联系影院，直接投诉购票平台"
      ],
      "correctAnswer": 1,
      "explanation": "VIP厅、高端厅的服务费定价本身较高，服务费在票面总价10%上下浮动均属正常范围，若异常过高（如超过20%），可酌情进行投诉。",
      "category": "song_yaxuan_movie_verify",
      "difficulty": "medium",
      "points": 10
    },
    {
      "id": "q40",
      "question": "验票结果与票根的影厅、座位号不符，正确的处理方式是？",
      "options": [
        "立即判定影院偷票房并进行投诉",
        "该情况为严重异常，直接联系片方处理",
        "一般问题不大，先致电电影院询问确认原因",
        "忽略该差异，只要影片名称一致即视为验票成功"
      ],
      "correctAnswer": 2,
      "explanation": "验票结果与票根影厅、座位号不符，大概率是影院系统出现轻微错误，一般问题不大，无需直接投诉，先致电影院询问确认即可。",
      "category": "song_yaxuan_movie_verify",
      "difficulty": "medium",
      "points": 10
    },
    {
      "id": "q41",
      "question": "电影票上出现“补”字，其潜在问题是？",
      "options": [
        "补打票根的信息更详细，不影响票房统计",
        "一张电影票可补打几十张，但仅有一张票的费用会被计入票房",
        "补打票根无法通过验票，直接判定为无效票",
        "补打票根的票价会被影院打折计算，影响票房"
      ],
      "correctAnswer": 1,
      "explanation": "电影票上出现“补”字，意味着该票根为补打，一张电影票可以补打几十张，但影院仅会将其中一张票的费用计入票房，其余补打票均无效，需及时联系影院更换。",
      "category": "song_yaxuan_movie_verify",
      "difficulty": "medium",
      "points": 10
    },
    {
      "id": "q42",
      "question": "验票时出现哪种严重异常情况，极有可能是影院存在“偷票房”行为？",
      "options": [
        "服务费在票面总价10%范围内浮动",
        "票根是目标影片，但验票结果显示为其他电影",
        "验票结果的座位号与票面有细微差异",
        "系统数据延迟导致暂时扫码无结果"
      ],
      "correctAnswer": 1,
      "explanation": "验票指南中明确，票根为目标影片但验票结果显示其他电影、验票结果总票价远低于票面价格，这两种情况极有可能是偷票房行为，其余均为正常或轻微异常。",
      "category": "song_yaxuan_movie_verify",
      "difficulty": "medium",
      "points": 10
    },
    {
      "id": "q43",
      "question": "发现影院存在偷票房的疑似行为，投诉渠道的优先级从易到难排序，首位是？",
      "options": [
        "在“电影票验证”小程序内点击【我要投诉】提交证据",
        "通过新轩放映将证据打包统一联系片方处理",
        "关注微信公众号“电影票房监督”进行反馈",
        "向中国电影发行放映协会举报中心举报"
      ],
      "correctAnswer": 0,
      "explanation": "发现问题票的投诉渠道按从易到难的优先级，首位是官方验票小程序内的【我要投诉】入口，按提示提交相关证据即可。",
      "category": "song_yaxuan_movie_verify",
      "difficulty": "easy",
      "points": 10
    },
    {
      "id": "q44",
      "question": "通过粉丝组织反馈偷票房问题时，需将哪些证据打包交给新轩放映，统一联系片方？",
      "options": [
        "购票人的身份证照片、观影记录",
        "违规影院全称、详细地址、票根照片、验票截图",
        "粉丝群的聊天记录、购票链接",
        "影院的排片表、周边购买记录"
      ],
      "correctAnswer": 1,
      "explanation": "通过新轩放映统一反馈时，需将违规影院全称、详细地址、票根照片、验票截图等核心证据打包，确保片方能精准核实处理。",
      "category": "song_yaxuan_movie_verify",
      "difficulty": "medium",
      "points": 10
    },
    {
      "id": "q45",
      "question": "以下哪个微信公众号，可通过“晒票有奖”入口反馈电影偷票房相关问题？",
      "options": [
        "电影票房监督",
        "电影壹壹零",
        "国家电影专项资金办公室",
        "新轩放映"
      ],
      "correctAnswer": 1,
      "explanation": "微信公众号“电影壹壹零”可通过点击“晒票有奖”入口反馈偷票房问题，“电影票房监督”的反馈入口是“协会晒票”。",
      "category": "song_yaxuan_movie_verify",
      "difficulty": "medium",
      "points": 10
    },
    {
      "id": "q46",
      "question": "电影偷票房问题的最高举报渠道是中国电影发行放映协会举报中心，其举报热线是？",
      "options": [
        "010-82219999",
        "010-12315",
        "400-000-9999",
        "12306"
      ],
      "correctAnswer": 0,
      "explanation": "中国电影发行放映协会举报中心的官方举报热线为010-82219999，举报邮箱为jbzx@chinafilm.org.cn。",
      "category": "song_yaxuan_movie_verify",
      "difficulty": "hard",
      "points": 10
    },
    {
      "id": "q47",
      "question": "针对电影包场的验票操作，负责人或指定志愿者的核心操作要求是？",
      "options": [
        "领取全部纸质票根后，无需验票直接分发",
        "领取票根后，第一时间随机抽取5-10张当场验票，建议完成所有验票",
        "仅验票1-2张作为样本，无需抽查更多",
        "领取票根后，等待观影结束再统一验票"
      ],
      "correctAnswer": 1,
      "explanation": "包场验票要求负责人或指定志愿者从影院统一领取全部纸质票根后，第一时间随机抽取5-10张当场验票，确保该批次票务信息正确录入系统，建议完成所有票根的验票。",
      "category": "song_yaxuan_movie_verify",
      "difficulty": "medium",
      "points": 10
    },
    {
      "id": "q48",
      "question": "为避免观影时遭遇偷票房行为，购票时的核心要求是？",
      "options": [
        "优先选择含爆米花、饮料的捆绑套餐，性价比更高",
        "只在猫眼、淘票票等正规官方票务平台购票",
        "选择影院线下私人代购渠道，购票更便捷",
        "在二手票务交易平台购买低价电影票"
      ],
      "correctAnswer": 1,
      "explanation": "避免偷票房的关键是优先选择猫眼、淘票票等正规票务平台，这些平台与院线深度合作，票房数据实时准确，能确保购票金额计入影片票房。",
      "category": "song_yaxuan_movie_verify",
      "difficulty": "easy",
      "points": 10
    },
    {
      "id": "q49",
      "question": "为什么不建议购买含爆米花、饮料的电影票捆绑套餐？",
      "options": [
        "套餐价格过高，性价比低",
        "套餐兑换流程繁琐，影响观影体验",
        "票面实际价格不透明，院线通常仅以最低发行价计入票房，部分花费未真正支持影片",
        "捆绑的食品和饮品质量无法保证"
      ],
      "correctAnswer": 2,
      "explanation": "捆绑套餐的票面实际价格不透明，院线不会将套餐的全部金额计入票房，通常仅以电影的最低发行价统计，导致粉丝的部分花费无法真正支持到影片票房。",
      "category": "song_yaxuan_movie_verify",
      "difficulty": "medium",
      "points": 10
    },
    {
      "id": "q50",
      "question": "以下关于电影验票的整体表述，错误的是？",
      "options": [
        "未取出实体电影票，该笔购票金额不计入票房",
        "验票成功的标志是五重核心信息与实体票面完全一致",
        "电影票上出现“补”字，可正常使用无需更换",
        "包场验票需对票根进行抽查，确保票务信息录入系统"
      ],
      "correctAnswer": 2,
      "explanation": "电影票上出现“补”字，意味着该票为补打票，一张原票可补打数十张但仅一张计入票房，遇到此类情况需及时联系影院更换，其余表述均正确。",
      "category": "song_yaxuan_movie_verify",
      "difficulty": "hard",
      "points": 10
    }
  ]
}